Nome;Descrizione;Prezzo;Colore;Azienda;Sede
AeroBuds Pro;Auricolari wireless con cancellazione attiva del rumore;€149;Bianco;SoundWave Inc.;San Francisco, USA
PixelView 4K;Monitor da 27 pollici ideale per grafici;€349;Nero;VisionTech SpA;Milano, Italia
ChargeMax 10k;Power bank compatto da 10.000 mAh ad alta velocità;€29;Grigio spaziale;VoltCorp;Shenzhen, Cina
NovaBook 14;Laptop ultra sottile per studenti e professionisti;€899;Argento;Nova Computers;Seul, Corea del Sud
Apex Mouse;Mouse ergonomico verticale per ridurre l'affaticamento;€59;Antracite;ErgoDesign;Zurigo, Svizzera
HomeHub Mini;Assistente vocale smart per il controllo domestico;€49;Grigio chiaro;OmniConnect;Londra, Regno Unito
GamerPad X;Controller wireless per PC e console;€69;Rosso fuoco;CoreGaming;Tokyo, Giappone
CronoWatch 2;Smartwatch sportivo con monitoraggio cardio e GPS;€199;Blu notte;Cronos Wearables;Monaco di Baviera, Germania
StreamMic;Microfono USB a condensatore per podcast e streaming;€85;Nero opaco;AudioPure;Sydney, Australia
SecurCam Outdoor;Telecamera di sicurezza wireless a energia solare;€119;Bianco;SafeHome Labs;Austin, USA
Lumia Lamp;Lampada da tavolo di design a LED dimmerabile;€45;Oro spazzolato;LuxArt Lighting;Firenze, Italia
ComfySit;Sedia da ufficio ergonomica con supporto lombare;€189;Nero;SediaComfort Srl;Bologna, Italia
SoftSleep;Cuscino in memory foam traspirante ed anallergico;€39;Bianco;NottiD'Oro;Lione, Francia
EcoBlanket;Coperta matrimoniale in caldo cotone biologico;€65;Beige;GreenWeave;Porto, Portogallo
PureAir 300;Purificatore d'aria con filtro HEPA per allergie;€159;Bianco opaco;CleanAir Co.;Stoccolma, Svezia
ThermoCup;Tazza termica da viaggio in acciaio inossidabile;€24;Verde salvia;HydroFlask Inc.;Bend, USA
ChefKnife Pro;Cololtello da cucina in acciaio forgiato giapponese;€79;Nero e acciaio;Kiku Cutlery;Seki, Giappone
OrganizeIt;Set di 3 scatole organizer in tessuto per armadi;€19;Grigio melange;NeatHome;Amsterdam, Paesi Bassi
BambooMat;Tappeto da bagno antimicrobico in legno di bambù;€28;Legno naturale;EcoBath;Bali, Indonesia
AromaDiffuser;Diffusore di oli essenziali con luce d'atmosfera;€34;Legno chiaro;ZenVibe;Kyoto, Giappone
UrbanWalker;Scarpe da ginnastica leggere per camminate urbane;€89;Grigio;FootFlex;Barcellona, Spagna
DryBackpack;Zaino impermeabile per computer e pendolari;€75;Giallo senape;TrailPack;Oslo, Norvegia
SunBlocker;Occhiali da sole polarizzati con montatura classica;€120;Tartarugato;OtticaModa;Belluno, Italia
WarmFit;Giacca trapuntata invernale in piuma sintetica;€140;Blu scuro;NordVest;Copenaghen, Danimarca
FlexLeggings;Leggings sportivi a vita alta senza cuciture;€45;Viola prugna;FitForm;Montreal, Canada
LeatherFold;Portafoglio sottile in vera pelle con protezione RFID;€49;Marrone testa di moro;CuoioNobile;Pisa, Italia
TimeClassic;Orologio da polso analogico con cinturino in pelle;€165;Quadrante nero;Tempus;Ginevra, Svizzera
RainCoat;Impermeabile leggero ripiegabile con cappuccio;€55;Verde militare;WeatherShield;Manchester, Regno Unito
GymBag 30L;Borsone sportivo con scomparto separato per scarpe;€34;Nero e rosso;ActiveLife;Boston, USA
SilkScarf;Sciarpa elegante in 100% pura seta stampata;€80;Fantasia floreale;SetaViva;Como, Italia
GlowSerum;Siero viso idratante all'acido ialuronico;€28;Trasparente;BioEstetica;Parigi, Francia
SonicBrush;Spazzolino da denti elettrico sonico ricaricabile;€69;Rosa pastello;DentalCare Labs;Eindhoven, Paesi Bassi
ArganOil;Olio di Argan puro per capelli e corpo;€22;Ambra;MarocPure;Casablanca, Marocco
BeardGroom;Kit per la cura della barba con olio e pettine;€35;Marrone legno;Barbieri Moderni;Torino, Italia
EcoSoap;Set di 4 saponette artigianali biodegradabili;€15;Assortiti;NaturaSana;Grasse, Francia
YogaMat Pro;Tappetino da yoga antiscivolo in gomma naturale;€50;Verde acqua;AsanaSport;Nuova Delhi, India
SunScreen 50+;Crema solare protettiva per pelli sensibili;€18;Bianco;DermaProtect;Madrid, Spagna
MassageGun;Pistola per massaggio muscolare a percussione;€99;Nero opaco;FitRecover;Los Angeles, USA
HerbalBath;Sali da bagno rilassanti alla lavanda;€12;Viola chiaro;AlpiErbe;Trento, Italia
NailKit;Set manicure professionale in astuccio di velluto;€25;Custodia nera;SteelStyles;Solingen, Germania
NoteBook A5;Taccuino a righe con copertina rigida in similpelle;€14;Blu petrolio;CartaInsieme;Fabriano, Italia
InkPen Pro;Penna stilografica con dettagli dorati;€45;Nero lucido;SchreibArt;Amburgo, Germania
FitBand;Elastici di resistenza per allenamento a casa;€16;Giallo/Rosso/Blu;PowerGym;Chicago, USA
CampTent 3;Tenda da campeggio autoventilante per 3 persone;€129;Verde e grigio;OutDoorLife;Vancouver, Canada
WaterBott 1L;Bottiglia d'acqua riutilizzabile in vetro borosilicato;€19;Custodia rosa;PureH2O;Vienna, Austria
SketchPad;Blocco da disegno per artisti a grana fine;€18;Copertina kraft;ArtStudio;Bruxelles, Belgio
PadelRacket;Racchetta da padel in fibra di carbonio;€160;Nero e giallo fluo;SmashSport;Valencia, Spagna
TravelPillow;Cuscino da viaggio gonfiabile per il collo;€15;Grigio scuro;FlyComfort;Atlanta, USA
DeskMat;Sottomano da scrivania in feltro di lana;€22;Grigio antracite;FeltDesign;Helsinki, Finlandia
BackLight;Luce posteriore a LED ricaricabile per bicicletta;€13;Luce rossa;CityBike Co.;Copenaghen, Danimarca
